"x.1","x.2","classes"
-0.591877799193021,-0.838711783289909,"1"
0.143314602020238,-1.36941642351449,"1"
1.27288559667645,-1.37466535009444,"1"
0.494769277596252,-1.18378655686975,"1"
-1.10638038439066,-0.660280047357082,"1"
1.08538264512409,-0.991514550149441,"1"
0.433846764976695,-0.966351250931621,"1"
0.122782210906505,-1.14937276728451,"1"
-0.587469229926104,-1.86461816430092,"1"
0.531366645156982,-0.827252131700516,"1"
-1.32458017788129,-1.33552644625306,"1"
0.720151945967404,-1.75374730266631,"1"
-0.506606575329076,-1.72939874343574,"1"
-0.995274778583663,-1.43672586269677,"1"
-0.240391958072923,-1.50984727852047,"1"
-0.743853427229129,-1.35446007959545,"1"
-0.652075988627762,-0.727475655451417,"1"
-1.26546140356272,-1.39247988127172,"1"
0.169820814225544,-1.76954977661371,"1"
-1.03781740638921,-0.894707417115569,"1"
1.1007242637137,-1.50085955858231,"1"
-0.323298153095145,-1.66098616868258,"1"
0.876689010783159,-1.38237385377288,"1"
0.86393966871299,-0.800176784768701,"1"
0.820132997838454,-1.39626929983497,"1"
0.709050176483455,-1.09324618950486,"1"
-0.0687760156442447,-1.74780978374183,"1"
-0.33487003444113,-1.1195663947612,"1"
-0.714359150366819,-1.03111106008291,"1"
-0.229462733081671,-0.838886665552855,"1"
-1.10654767083309,-1.40417161360383,"1"
-1.02900136293111,-1.05503691993654,"1"
-0.436013768703843,-1.04918699525297,"1"
-0.500498299307459,-1.79969420917332,"1"
-0.0925643452348146,-1.28159126415849,"1"
0.278601611220718,-1.56748233549297,"1"
1.1547589601385,-1.12602402828634,"1"
-0.248847196132824,-1.86464849449694,"1"
0.614652634242583,-1.87232912704349,"1"
0.238184296415323,-1.45278354920447,"1"
0.412079112861597,-1.58828701265156,"1"
-0.535754298996312,-1.74837178997695,"1"
-0.997763284999655,-0.995988637581468,"1"
0.482031479233232,-0.920675619319081,"1"
0.0588909745617883,-1.04425848051906,"1"
0.896654194184479,-0.841949517279863,"1"
-0.524658625087971,-1.44484007582068,"1"
0.954954838587512,-1.73014114871621,"1"
-0.708496153145573,-0.928583671152592,"1"
0.968117003450877,-1.30395637266338,"1"
-0.312321731507355,-1.70568160936236,"1"
-1.08361116355047,-1.47600890360773,"1"
0.200435073310665,-1.75297157950699,"1"
-0.153894227326095,-1.75121493004262,"1"
0.006407327711623,-1.53375268504024,"1"
0.41790720908491,-1.50045766942203,"1"
-0.402775967648998,-1.2460992872715,"1"
0.669649334591527,-1.74623529948294,"1"
-0.243117561360851,-1.67490130104125,"1"
0.36214700480521,-1.80587441474199,"1"
1.01323022164331,-0.905491193383932,"1"
0.468895515094866,-1.1111714027822,"1"
-0.355986126223714,-1.25226290263236,"1"
1.04398630795746,-1.16919984035194,"1"
0.946702990086067,-1.60008293613791,"1"
0.580364270203277,-1.6759715102613,"1"
0.262870681529185,-1.32993631921709,"1"
-0.654694879120569,-1.19665530435741,"1"
-0.629244904442067,-1.58562758974731,"1"
1.35315272664113,-1.1080107036978,"1"
1.21849862969729,-1.35354767628014,"1"
-0.259594557459005,-1.045231481269,"1"
-0.968674875772379,-1.18341270685196,"1"
0.282437728997269,-1.27595243640244,"1"
-0.378684063991073,-1.63881715089083,"1"
-0.0500351145910307,-1.69525611437857,"1"
-0.790606016617101,-1.02099777907133,"1"
-1.26035557466225,-0.978635060042143,"1"
-0.412686203258309,-1.4456896033138,"1"
0.894274294240194,-0.629828242957592,"1"
0.636380818219233,-1.0017998687923,"1"
-1.24592153901434,-1.46764778457582,"1"
-0.0617299441381789,-1.20359477810562,"1"
0.55242098907005,-0.634906338527799,"1"
0.329764834819963,-1.41452558599412,"1"
-0.666330217121314,-1.46455687470734,"1"
-0.842181016589421,-0.768915899470449,"1"
-0.967168572497449,-0.814530332759023,"1"
0.130472831795148,-1.0402917727828,"1"
-0.914754281308962,-1.08711142428219,"1"
-0.52419179131699,-0.940713045746088,"1"
1.3023231774197,-0.937275937572122,"1"
-0.676472743725155,-1.7451393045485,"1"
0.259255308445048,-1.67196570858359,"1"
-0.92489004478214,-1.45296131037176,"1"
0.0458207993040558,-1.17756956592202,"1"
-0.456034246942477,-1.54428058974445,"1"
-1.33736768736309,-1.29549912698567,"1"
0.753238249651674,-0.923705110698938,"1"
1.3147982873541,-1.35364419706166,"1"
-1.18590253588829,-1.06189100109041,"1"
-0.288148799381034,-1.74002347327769,"1"
-1.23167055812099,-1.46657169871032,"1"
-1.24094748768754,-1.02754873670638,"1"
0.708415572957588,-0.793430579826236,"1"
-1.11719927077026,-0.821869422122836,"1"
0.777567895030636,-0.932974956929684,"1"
0.362589471194814,-1.33054267205298,"1"
-0.132466304942443,-1.31233067400753,"1"
-0.307646052638152,-1.35653449296951,"1"
-0.404621303258207,-0.815500363335013,"1"
0.935393503288779,-1.71960095204413,"1"
-0.406841989051174,-0.728983327746391,"1"
0.985699287775724,-1.62656727135181,"1"
-0.983437633305103,-0.973612701892853,"1"
0.326655415271043,-1.64194344207644,"1"
0.662580549995038,-0.76551310531795,"1"
-0.51750173425277,-1.31189352348447,"1"
0.549947211033479,-1.07366023361683,"1"
0.0725270600488328,-1.73988263867795,"1"
-0.0378612244408987,-1.50765632241964,"1"
-0.754411529885306,-1.10272392593324,"1"
0.0419949361851928,-1.83908747322857,"1"
0.470252086224979,-1.4297345649451,"1"
-0.492218039818553,-0.763591488078237,"1"
1.10544241115102,-1.60700871311128,"1"
-0.380888941249938,-0.845685634016991,"1"
-0.260220719559818,-1.3269317291677,"1"
-0.217765270941311,-1.55150591731071,"1"
1.02114116100117,-1.37182711847126,"1"
0.76510093329011,-1.76579784229398,"1"
0.236559146283313,-0.882682199403644,"1"
-0.354672836534883,-0.869289742037654,"1"
-0.876865995911769,-1.64845053218305,"1"
0.629661873342513,-0.842899465188384,"1"
1.12932371059571,-1.17791705988348,"1"
-0.291313326280959,-1.38031602539122,"1"
-0.447727173019065,-1.01073991805315,"1"
-0.510038656219249,-0.769490243121982,"1"
-0.793622788736456,-1.30328170210123,"1"
-0.623998114382541,-1.79276269003749,"1"
0.132237442547007,-1.0692156471312,"1"
0.268221399985096,-1.58490019887686,"1"
1.0897710949693,-1.09798888415098,"1"
-0.549170714106949,-1.47887253798544,"1"
-0.94602631112946,-0.7199169639498,"1"
1.26248666989584,-1.1981685064733,"1"
-0.738878233468452,-1.11972485557199,"1"
-1.09174146642998,-1.32074788808823,"1"
-0.6046521165154,-1.16580426245928,"1"
0.645612551259439,-1.83516654223204,"1"
1.02109782960679,-0.96628138050437,"1"
-0.395499252951941,-1.02266802974045,"1"
0.0663774805989221,-1.54031713157892,"1"
-0.733862665926123,-0.67587533891201,"1"
0.868852133058184,-0.903973884508014,"1"
1.32273979152137,-1.40219200626016,"1"
-0.100261327034361,-1.83552307002246,"1"
0.236660746346274,-1.66675516888499,"1"
-0.752037358977654,-0.994067469611764,"1"
-0.605043514618892,-0.803363094106317,"1"
-1.13147979924627,-0.784751886129379,"1"
-0.202208304540246,-0.89058038443327,"1"
0.452458592411026,-1.38875616490841,"1"
-0.78785111032208,-0.972204406931996,"1"
-0.79363837669843,-0.797706045955419,"1"
-0.535632081278134,-0.999611702933908,"1"
-1.03733248116261,-1.01484182812274,"1"
-0.112051470987588,-0.977463810518384,"1"
0.519161623197326,-0.840916235744953,"1"
-0.407900866307346,-1.51369368806481,"1"
-0.374887963188321,-1.81517789661884,"1"
0.100457337806422,-1.29368206076324,"1"
1.00337425521092,-1.46694297604263,"1"
0.657291960868674,-1.82521055042744,"1"
-0.126048740737895,-0.867672384902835,"1"
-1.21859869354026,-0.795869607850909,"1"
-0.554081305535288,-1.51652635522187,"1"
0.0523966045475963,-1.01357853487134,"1"
1.22358175199476,-0.999827869236469,"1"
-1.28310431862413,-0.917549303174019,"1"
-0.421516466482451,-0.773198682442307,"1"
0.0990298235440561,-1.66072741821408,"1"
0.925359776481627,-1.65703188404441,"1"
-1.16616966099752,-0.733016405627132,"1"
0.842133520274286,-1.48372223265469,"1"
-0.480369460470166,-1.77209807522595,"1"
0.0827930784992563,-1.16086614914238,"1"
0.461791762680064,-1.25217206627131,"1"
0.750316690085975,-1.77827101424336,"1"
0.418677186158857,-1.0539733082056,"1"
-0.291856931478283,-0.800312274321914,"1"
0.243695683501109,-1.42245815843344,"1"
1.25269025988401,-0.965539354458451,"1"
0.185942759263054,-1.31589847505093,"1"
1.05510841613775,-0.799435699358582,"1"
0.986637174732732,-1.51136648356915,"1"
-0.607943325124112,-1.033271747455,"1"
1.33014519448482,-1.1676164213568,"1"
-1.14695310782943,-0.690777416154742,"1"
0.0233232844000428,-1.56000800430775,"1"
-0.73216313303416,-1.00161543823779,"1"
-0.763958636952928,-1.59040865898132,"1"
-0.90838663192805,-0.817712666094303,"1"
-0.985572700134463,-0.783652173355222,"1"
-0.470894762690701,-1.50132897943258,"1"
0.233880798627405,-0.849083095788956,"1"
1.09194947113583,-0.892215274274349,"1"
1.12400546295188,-0.715198697522283,"1"
0.767374710794085,-1.49709373302758,"1"
-0.630402208766277,-0.739252030849457,"1"
-0.383393375568478,-1.61283553503454,"1"
0.722034948808517,-0.74826460108161,"1"
-0.117244153406837,-0.9325893368572,"1"
1.26485513966274,-0.896739934012294,"1"
0.888712957298729,-1.43155663721263,"1"
0.261464421337496,-0.821882307529449,"1"
1.08223224457143,-1.48369345068932,"1"
-1.14149530355201,-1.09881018064916,"1"
-0.55582251617942,-1.11670054830611,"1"
0.704750598391985,-0.632708587124944,"1"
-0.0675669417443063,-1.19260885417461,"1"
0.659300888337183,-0.728084120899439,"1"
0.00810347676765955,-1.53912836313248,"1"
0.962831229862842,-0.809703737869859,"1"
-1.06623908705778,-0.959701512008905,"1"
0.409749385940084,-1.82237160615623,"1"
-1.33722918298829,-1.26589784584939,"1"
-0.221694124376279,-1.16035500131547,"1"
0.854549970997692,-1.77680766582489,"1"
-0.11305600056911,-1.38297101780772,"1"
0.651296928523367,-0.956392303109169,"1"
0.922891663905016,-0.681494206562638,"1"
1.26121432358374,-1.21901324503124,"1"
0.062234675444315,-1.82688279151917,"1"
-0.0577561445911112,-1.69388672560453,"1"
-1.28232013800268,-1.08431918434799,"1"
0.110229514077634,-1.87583432011306,"1"
-0.602649011502306,-1.1671510476619,"1"
-0.198907038491278,-1.53078149482608,"1"
0.961096511824147,-1.68378804214299,"1"
-0.460891491055636,-1.08913780525327,"1"
0.12935858704261,-1.49768881089985,"1"
-0.875259476339605,-1.41369505412877,"1"
0.364377582609338,-1.26665223799646,"1"
0.444756721695156,-0.933022509887815,"1"
-0.0367157408364795,-1.48486941494048,"1"
-0.226614055087978,-0.951384725421667,"1"
0.675792542750671,-0.704801882058382,"1"
0.300555060969648,-0.890074637904763,"1"
0.967526673292122,-1.11955256164074,"1"
-0.913286997243328,-1.59469953738153,"1"
-1.25561695813153,-1.14423442780972,"1"
-0.497836800118359,-1.25531359948218,"1"
-0.61920662736168,-1.70094946362078,"1"
0.160039701539474,-1.31626071743667,"1"
0.038398715249109,-1.72185617759824,"1"
0.210188197988765,-1.32838734164834,"1"
0.193239043248982,-1.86935629583895,"1"
-0.987170086723079,-1.44034701921046,"1"
0.509925895206652,-1.05451548732817,"1"
1.15907259645937,-0.799018988013267,"1"
0.490086486573431,-0.808001425117254,"1"
-1.03633293845738,-1.69875434562564,"1"
-0.469364616866308,-1.44836913608015,"1"
0.377177893708162,-0.806220728158951,"1"
-0.672057939403196,-0.788852576166391,"1"
-1.3500360749214,-1.05295877344906,"1"
0.868551678788946,-1.36180971711874,"1"
-0.604262514777261,-0.635563798993826,"1"
1.20841891230414,-1.23194941803813,"1"
-0.781779621838824,-1.31691551357508,"1"
0.839097873668262,-1.4477909475565,"1"
-1.10418787019952,-1.65109572038054,"1"
-0.38599995878533,-1.68520825430751,"1"
-0.0816899032237932,-1.5146472427994,"1"
-0.0320553106374208,-1.33548475243151,"1"
0.693217511790718,-1.03177562989295,"1"
-1.25547402090571,-0.987831608951092,"1"
0.250495028864405,-1.20131902582943,"1"
0.525838137781679,-1.60196670554578,"1"
-0.447050280626488,-0.925676561892033,"1"
-0.103163048083446,-0.946655439957976,"1"
0.463938833174332,-1.18468204699457,"1"
0.567888861847764,-1.0484463032335,"1"
1.28845550612019,-0.921865553408861,"1"
0.140037974526615,-1.67958995550871,"1"
-0.484170709037121,-0.937761778756976,"1"
1.37016142482664,-0.95578635558486,"1"
0.0123707507736244,-1.40232372507453,"1"
0.41082154553076,-1.35020934008062,"1"
0.328580357307169,-1.66669530794024,"1"
0.0214069440281344,-1.2231483399868,"1"
0.729975926197647,-1.25616809502244,"1"
1.00583321793671,-1.02231201939285,"1"
-1.35682534078723,-0.990881757810712,"1"
1.09144127230611,-1.0890397194773,"1"
0.488616366209738,-1.86225005984306,"1"
-0.22072316133132,-1.62364307492971,"1"
-0.670315180861724,-1.74338989295065,"1"
0.182934256003502,-0.889359787479043,"1"
0.472570386861563,-1.2255635291338,"1"
0.867838584671627,-0.885333116725087,"1"
-1.25139340281865,-0.823355300351977,"1"
1.18056317754567,-1.23184260725975,"1"
0.981801851596563,-1.16629941873252,"1"
0.469004164383515,-1.28189664557576,"1"
0.732108205384564,-0.654620339348912,"1"
1.02135533199545,-1.17800772972405,"1"
0.254095330384841,-1.24974506273866,"1"
-0.323390007762535,-1.58871483281255,"1"
-0.379656964827043,-0.729444852843881,"1"
0.551543251483378,-1.0048216432333,"1"
-0.423479267129238,-1.21250907294452,"1"
-1.01075672126812,-0.844109509885311,"1"
0.754043182866586,-1.1458192627877,"1"
1.32598275192348,-1.31564128287137,"1"
-0.30880736034647,-1.43191206417978,"1"
-0.263540265199454,-1.55309688933194,"1"
-0.23612017012325,-1.61351604945958,"1"
0.167961092772453,-1.85060135908425,"1"
-0.250919797584513,-1.41855178549886,"1"
0.0227310651058925,-1.38064014278352,"1"
0.343446119428312,-1.87603531032801,"1"
1.13667074238942,-1.18889076039195,"1"
0.730095763683075,-1.33460888527334,"1"
0.891190791916215,-1.6689464841038,"1"
-0.605049045789352,-1.07084550485015,"1"
-0.413441203484822,-1.42952684015036,"1"
-0.117368880457332,-0.961291873082519,"1"
1.16983261148949,-1.09662287905812,"1"
1.12060863792127,-0.888273345306516,"1"
-0.860104182810709,-1.40690377503633,"1"
0.201029578770039,-1.45972931459546,"1"
0.395975109420406,-1.47360199727118,"1"
-0.630760350431667,-1.14981290772557,"1"
-0.946835122521361,-0.734511617943645,"1"
0.968913871510833,-1.33538109995425,"1"
0.762594858952931,-1.62735987119377,"1"
-1.21030070524227,-1.3951470002532,"1"
-0.105604852243961,-1.55450500771403,"1"
-0.877301005665992,-1.28880363702774,"1"
0.166246226873944,-1.07365977726877,"1"
-0.0879583373156836,-1.65324190296233,"1"
0.238413396898908,-1.46838562265039,"1"
0.867208016966945,-1.59029904976487,"1"
0.226938652274018,-1.37121766731143,"1"
-0.644188437051539,-1.21171647235751,"1"
-0.748877768352186,-1.23082736320794,"1"
-0.146086560486914,-1.89153898097575,"1"
0.339167995868657,-1.22320914678276,"1"
-0.977319175284852,-1.20472660921514,"1"
-0.203720454274029,-1.38363184258342,"1"
0.928667135511238,-0.948660347610712,"1"
-0.120127456683305,-1.26597717925906,"1"
0.581938727021792,-0.777255215495825,"1"
1.09194988049175,-1.23694282770157,"1"
0.154121574261268,-1.65769618600607,"1"
0.443576960533434,-1.71050361208618,"1"
-0.589958900833179,-0.954750466346741,"1"
0.633982364266604,-1.82313113808632,"1"
-0.539679538292102,-1.50814835727215,"1"
-1.17660445929343,-0.958959697932005,"1"
0.141887209072543,-1.88261536583304,"1"
1.32117355879949,-1.20085894577205,"1"
0.803601907723596,-0.741737465187907,"1"
1.05334677272975,-0.819237801805138,"1"
0.390499055394426,-1.09371558278799,"1"
-0.223284240518339,-1.53130452632904,"1"
-0.299999983426746,-1.8249010682106,"1"
-0.50253544508719,-1.43831189721823,"1"
0.722593209077466,-1.66497567184269,"1"
0.854998202104714,-1.33179770149291,"1"
0.665230731239049,-0.888642346486449,"1"
1.37213991853153,-1.10071522034705,"1"
-0.588777767583078,-1.78014116100967,"1"
0.838454546514765,-0.935579663515091,"1"
-0.788395946182124,-0.909218391403556,"1"
1.02161593277376,-1.25295078977942,"1"
1.25586325675361,-1.04314831793308,"1"
-1.19174805471469,-0.77786947414279,"1"
-0.056996821150906,-1.47403394654393,"1"
-0.559708979543997,-1.70910680070519,"1"
-0.656220711462393,-1.19028999358416,"1"
-0.829810210024024,-1.79151099696755,"1"
0.609123096016956,-1.59837136715651,"1"
1.201183165636,-1.19065918065608,"1"
-1.06501551962286,-1.19632882960141,"1"
0.565566611023878,-1.19160260222852,"1"
0.616639263166519,-0.896089258417487,"1"
-0.330395034039444,-1.63918354995549,"1"
0.088280006731106,-1.68456628583372,"1"
0.924475240083506,-1.45141778439283,"1"
-0.788017540425664,-1.45099957324564,"1"
0.35015261106223,-1.09455231390893,"1"
-0.478582688058202,-1.87774481289089,"1"
1.15536911908274,-1.14141445234418,"1"
0.695486177860017,-0.629672407731414,"1"
0.0801497057978175,-1.50483400635421,"1"
-1.20979858382339,-0.733008122071624,"1"
-0.345940380181857,0.831784799695015,"2"
-0.113568278685703,0.886403600126505,"2"
0.532159553298514,0.959132190793753,"2"
-0.249335878870484,1.14290216676891,"2"
-0.789471009539981,1.37679819501936,"2"
0.613131815375461,1.13559360839427,"2"
-1.13124355936192,1.51583424806595,"2"
0.498815504596239,1.88590260855854,"2"
0.83505318872694,0.715994237363339,"2"
-0.313466275734009,1.76155508644879,"2"
0.537519929569887,1.45083675421774,"2"
-1.04805435667698,1.38812496438623,"2"
-0.140956251324035,1.72586644589901,"2"
1.06224291955079,0.675682549551129,"2"
1.3055345752479,1.11631774865091,"2"
-0.030394616604601,1.64894689433277,"2"
-1.21274426165371,0.752260444685817,"2"
0.795073630447493,1.36750126369298,"2"
-0.680773795108687,1.31260107383132,"2"
-0.3282870035142,1.78349233269691,"2"
-0.43000644919357,1.33528039567173,"2"
-0.0177873651525255,0.861701927706599,"2"
0.999733904279609,1.34949717409909,"2"
-0.487040632667852,1.44193004257977,"2"
-1.08477493777416,1.62600609920919,"2"
1.22325530135411,0.997870428860188,"2"
-1.17445515647948,1.01479054614902,"2"
0.348027263030038,1.20438695922494,"2"
0.839645565937354,0.94685408808291,"2"
-0.861761297087653,1.66333835311234,"2"
0.910264243726878,1.31715372055769,"2"
-1.16312002817241,0.891313091292977,"2"
-0.700129696664338,1.48392632603645,"2"
-0.128988980167798,1.405891847983,"2"
1.03854936396459,1.38730108737946,"2"
0.662175987628003,1.49700665920973,"2"
-0.526536039669368,1.12751437537372,"2"
0.297663385683472,1.70975682213902,"2"
0.174192068527219,0.941438420489431,"2"
0.656341972935525,1.37884767018259,"2"
-0.428739870842598,1.32394501566887,"2"
0.879831729587123,1.34203611090779,"2"
-0.360845043441332,0.985320273414254,"2"
0.753970976634534,1.67351768799126,"2"
0.94430182958369,1.41047814786434,"2"
-1.31993494769675,1.27780356518924,"2"
0.1189231750372,1.8386561870575,"2"
0.637133431725582,1.38818209096789,"2"
-1.18860559281238,0.718403678759933,"2"
0.514379593530787,0.65939509794116,"2"
-0.82534836545224,1.08556822128594,"2"
0.964613459137728,0.878996152803302,"2"
0.570856019510821,0.672174129262567,"2"
0.777576214492279,0.908169093355537,"2"
0.852920101270902,1.04040449149907,"2"
1.15990717002698,1.0713702686131,"2"
1.32452082257061,1.11500563621521,"2"
-0.0315591978627829,1.28524197004735,"2"
0.03503794208394,1.01256338916719,"2"
0.226899140669886,1.48775105327368,"2"
0.599283894363715,1.69645847789943,"2"
0.958257716759233,1.35561447516084,"2"
-0.55103658627868,1.23042909130454,"2"
-0.322259142251473,0.898474967479706,"2"
-0.582110516379324,1.54030253849924,"2"
0.101310538690172,1.45592298656702,"2"
-1.1364593921234,1.26089315861464,"2"
-0.84521246843258,1.80347831770778,"2"
-0.713133849494478,1.28209222070873,"2"
0.414834787915356,0.753946352005005,"2"
0.938929554094798,1.19855444766581,"2"
-0.742567746034461,0.978169587254524,"2"
-0.948962415480721,1.43690736666322,"2"
-0.978618261426177,0.786495295539498,"2"
-0.447980938007657,0.794243102148175,"2"
-0.263191899420488,1.48169538937509,"2"
0.517340447372198,1.81764096021652,"2"
-0.101495286660175,1.06756739281118,"2"
1.06797334773368,0.8011549372226,"2"
-1.22364735079412,0.875839361175895,"2"
-0.179754659486101,1.10369590707123,"2"
-0.108153874569264,1.78296299465001,"2"
0.454078752423031,1.24560586251318,"2"
-1.24476383895779,0.879516669362784,"2"
-0.743280452853073,0.869045761227608,"2"
-1.22117248871041,1.29538977481425,"2"
-0.712950340620836,1.71309686228633,"2"
0.317197724251323,0.757546402141452,"2"
-0.883429877285611,1.66829369924963,"2"
0.249447445549886,0.999971780180931,"2"
0.760093510697947,1.03807712346315,"2"
0.991030409046879,1.42884558960795,"2"
1.1849478835034,1.19663802161813,"2"
1.03016160864951,0.980566674843431,"2"
0.83024821696421,1.78081713914871,"2"
-0.315061617489258,1.11054351218045,"2"
0.405453610771582,1.87866792678833,"2"
0.436429329835125,1.32612171769142,"2"
-0.978608213068302,1.48042544461787,"2"
-1.27622872731515,1.29737438820302,"2"
0.667347444521204,1.70623964704573,"2"
-1.21736228232013,1.20797109343112,"2"
0.0018715713662516,0.932388960570097,"2"
0.275294773779314,1.67734020203352,"2"
0.595096928074284,0.686388698965311,"2"
0.209310362442118,1.77701117955148,"2"
-0.747225722692976,1.65976932086051,"2"
0.941842061769643,0.690141713246703,"2"
0.866238736108827,0.803868357464671,"2"
1.16797081146847,0.720204780623317,"2"
-0.0622781755114992,1.24073840044439,"2"
0.649324866442205,1.13349054455757,"2"
-0.107307332368788,1.66047898121178,"2"
0.729025848738164,0.679370386898518,"2"
0.687631019895633,1.17090163454413,"2"
0.228879491073097,1.82917449958622,"2"
-0.516409968394955,1.79921879097819,"2"
0.406906974141027,1.20008116625249,"2"
-0.121707844297074,0.868983909115195,"2"
0.5446963903427,1.39061175137758,"2"
0.236029733604889,1.1938099950552,"2"
-0.205700203293822,1.45496703274548,"2"
0.95969446196512,0.856429764255881,"2"
-0.222431731193082,1.17197269685566,"2"
-1.33523183555646,1.10871675126255,"2"
-0.21636241988647,0.806281701475382,"2"
0.644206703018634,1.19235855676234,"2"
-1.26690432413943,1.1694630023092,"2"
0.400784813104005,0.851670056954026,"2"
0.929079180463316,1.61162770166993,"2"
1.11209002948923,1.16278445646167,"2"
-0.247969708311648,0.900023983046413,"2"
-0.351725896253505,0.871028372272849,"2"
1.20258614514167,1.26215160824358,"2"
-0.470561794792435,1.3846023529768,"2"
0.491313939321494,0.943734993413091,"2"
-1.24588883984523,1.18121373392642,"2"
-0.0045137406521143,1.13310298845172,"2"
-0.305570749826647,1.00959918536246,"2"
0.508713208465019,0.955383852124214,"2"
0.813622502704283,0.999848242476583,"2"
0.883592661461682,0.853455635532737,"2"
0.80074754675392,1.07385647967458,"2"
-1.31061542240875,1.19418372958899,"2"
-0.678116433593195,1.29682435356081,"2"
-0.890307166351231,0.667140002548695,"2"
0.870427987914741,1.50400390662253,"2"
0.363817217822799,1.12542376033962,"2"
-0.188763475847181,1.05781440362334,"2"
0.421088989915112,1.4485812228173,"2"
0.254634442398187,0.78533882163465,"2"
0.67247958118903,0.970201933011413,"2"
-0.68190875742264,1.8129194997251,"2"
1.04635295281438,0.704814543947578,"2"
0.303239523663411,1.25130699723959,"2"
0.159631512058431,1.66862845532596,"2"
1.35044302725231,1.12925548963249,"2"
0.303283363671168,1.05277396813035,"2"
-0.175224761276931,0.866611141338945,"2"
-0.0862534224638172,1.86133100837469,"2"
0.227696678231122,0.799021219834685,"2"
0.820074052532436,1.30654853433371,"2"
-0.214468148404626,1.54701006039977,"2"
-0.896108080303579,0.912003879621625,"2"
-0.621457689829006,1.65555528178811,"2"
-0.400380290310205,1.1123390134424,"2"
-1.30408686047114,1.33431245908141,"2"
-0.626522978221247,1.52731191851199,"2"
0.794320601746553,1.14010033905506,"2"
1.21289321660615,1.12482715323567,"2"
-0.211873987939723,0.958274721726775,"2"
0.311367243902812,1.39410038180649,"2"
-0.817821068492637,1.55039354413748,"2"
0.0624545307120639,1.5134985357523,"2"
0.327568951065212,0.95583287589252,"2"
-0.769562493713095,1.36243096850812,"2"
1.38305302553896,1.02626645900309,"2"
0.0713629127987483,1.45489106401801,"2"
0.593579075253531,0.636111953109503,"2"
0.962099945032449,1.64589874707162,"2"
-1.04819730363392,1.45172393806279,"2"
0.162495447155908,1.32025784142315,"2"
0.888579679834599,1.10374737083912,"2"
0.157820296362328,1.00219389870763,"2"
-0.854747359696807,1.54893674813211,"2"
-0.180701305102782,0.815437322482467,"2"
1.37828407904327,1.21478858627379,"2"
1.03368140004605,1.4619940534234,"2"
-0.560008005933083,1.79495404027402,"2"
0.882913722938254,1.75146174058318,"2"
1.20109022692148,1.0899038117379,"2"
0.800925592574965,1.4965213354677,"2"
1.30220213457247,1.29986958503723,"2"
1.0969633967133,1.14166919514537,"2"
-0.931950847911333,1.29333519823849,"2"
1.08374096505737,1.05320859402418,"2"
0.491209057275029,1.52256043404341,"2"
-0.976315225678276,1.46180062405765,"2"
-0.633188627033371,1.23256539367139,"2"
-0.773892800745587,0.907874426990748,"2"
0.428223763204633,1.25518905781209,"2"
-0.944666743462126,0.935328535363078,"2"
0.593364618164224,1.48136584348977,"2"
1.29916527611723,1.08923244476318,"2"
0.494444529253431,1.85352276861668,"2"
0.265370132863875,1.83790580481291,"2"
-0.383818296094108,1.03150165341795,"2"
0.26805445413198,1.31644802875817,"2"
-0.795828601480636,1.57179719172418,"2"
1.25217047842264,1.43208325058222,"2"
1.00573563942261,1.32954759895802,"2"
-0.651644545654584,1.45580426156521,"2"
0.823570661149668,1.60285766012967,"2"
-0.05396650849791,1.24548702202737,"2"
0.329935100932335,1.21883282288909,"2"
1.37921496283524,1.15033991746604,"2"
0.619538164136085,1.73169647455215,"2"
1.01308978401869,1.30118736512959,"2"
1.18659504219251,0.832919472455979,"2"
-1.31763691179998,1.00526891537011,"2"
0.446124562763484,1.00350608117878,"2"
-0.447396530859258,1.27063402347267,"2"
-0.234065686725583,1.74213423915207,"2"
0.396915425914521,0.875727975741029,"2"
0.688294083064579,0.972971799224615,"2"
0.216786364704808,1.42732693441212,"2"
1.37526469249547,1.0364390630275,"2"
0.208575376541179,1.60673826225102,"2"
0.00317472836080634,0.857210054621101,"2"
-0.0122781104802161,1.57640596441925,"2"
-0.606013048486216,1.80729328468442,"2"
-0.707449118017663,1.09143391028047,"2"
1.15455426596078,1.05622620172799,"2"
0.983379678627433,0.72821628600359,"2"
-0.39166552903171,0.89280810803175,"2"
-0.838204938662028,1.1269603908062,"2"
-0.491612706862702,1.46336944811046,"2"
-0.686017845532645,1.67643182910979,"2"
-0.298949802551058,1.81950281485915,"2"
-1.08002237978752,1.35724464654922,"2"
-0.156503388641869,0.938331540301442,"2"
0.172877056429571,1.38110361322761,"2"
0.257359588323321,1.66450058035553,"2"
0.387090818999941,1.48312026374042,"2"
-1.24711155613124,1.40425240471959,"2"
0.243361361679228,1.50570732019842,"2"
-1.17682441771108,1.59935150370002,"2"
0.920332741783652,0.733455800265074,"2"
0.790006572288303,1.27832012660801,"2"
1.36325097987786,1.29856792725623,"2"
0.173478007136249,1.10521123297513,"2"
0.0774880522082277,1.1994551230222,"2"
-0.0861046666750342,1.78947835974395,"2"
-0.611326350124462,1.70765437632799,"2"
0.0608137861306628,0.962315509095788,"2"
-1.01605202292331,1.54940497353673,"2"
0.941631780629696,0.912236793711782,"2"
-1.01423497958186,1.7215814627707,"2"
-0.802471733122285,0.928751358762384,"2"
0.0886920134074323,1.25858698785305,"2"
-0.352626921066873,1.74055988565087,"2"
-1.02988512732678,0.840289816632867,"2"
-0.334347011866978,1.07539387010038,"2"
1.21144717882629,1.40994724780321,"2"
-0.0911439755631445,1.36775970347226,"2"
0.792425384399527,1.53659243583679,"2"
-0.989442655621546,1.01461980342865,"2"
1.25678687918141,0.801117585599423,"2"
0.697707302851013,1.23465356044471,"2"
-0.999273079152867,0.828308921679854,"2"
0.488424439914478,0.720848336815834,"2"
-0.235322591691296,1.22199525088072,"2"
0.342568946246789,0.901878875866532,"2"
0.996964616681896,0.750483035668731,"2"
-0.555535811338602,1.70333867371082,"2"
-0.274155732827233,1.21769296973944,"2"
-0.948258469268006,0.731225362047553,"2"
-0.977497003128736,1.32309481576085,"2"
-0.0199854468436493,1.48614842966199,"2"
0.977897163784351,0.927753929793835,"2"
0.274732282417973,1.47375951558352,"2"
0.706028202105608,0.887819739431143,"2"
-1.08255142865797,0.901178320869804,"2"
0.502866244242452,1.42360687479377,"2"
-0.233083514724115,1.66668998971581,"2"
0.206716614576842,1.42421623840928,"2"
0.250766705607206,0.856685344129801,"2"
-0.180308390241545,1.71993310041726,"2"
0.879120886602985,0.819604708254337,"2"
-1.25488892479378,1.26631764099002,"2"
1.17445290729253,0.704440116509795,"2"
0.453445184937419,1.75446708388627,"2"
0.737297935381017,1.57611249685288,"2"
0.328679192433643,1.83825848959386,"2"
-0.491870479127851,0.931492359191179,"2"
0.293215847160359,1.14045626632869,"2"
0.461959390360551,1.7281588435173,"2"
0.0610085091507464,1.13121202737093,"2"
-0.96599539411624,1.61494250483811,"2"
0.634685186858954,0.673407064750791,"2"
-0.0987235027049764,1.52740085795522,"2"
0.497940600063918,1.0045095320791,"2"
-0.964710931258204,0.98200277723372,"2"
-0.528054868846154,1.6879021897912,"2"
1.28196585505203,1.16528426036239,"2"
0.361781305300756,1.06546205952764,"2"
0.504320381560566,1.64954221509397,"2"
-0.917732104931851,0.825774542614818,"2"
0.614738366735962,0.949701393768192,"2"
-0.80805925002902,1.29064051136374,"2"
0.0606103660813537,0.85173089876771,"2"
0.589268310262764,1.84542015865445,"2"
1.20040698205164,1.55934663563967,"2"
-0.64101545640047,0.849173536524177,"2"
0.975287772814068,1.33829292319715,"2"
-0.934671196392702,1.10606142729521,"2"
-1.0085239857496,0.739553723484278,"2"
0.491639154758232,1.39938584938645,"2"
-0.0789966169962022,1.79776026979089,"2"
1.28836414579386,1.32465581446886,"2"
0.56763758997295,0.789407216012478,"2"
-0.968097867521363,0.658834749832749,"2"
-0.612578635401594,1.11992032341659,"2"
0.373809811820685,1.63130177408457,"2"
0.547385691350947,0.757725110650063,"2"
-0.364834984975659,0.983548414707184,"2"
-0.117120980092356,1.81725239418447,"2"
-0.745231956963242,1.14371556043625,"2"
0.363030333895305,1.62618720941246,"2"
0.68350279390989,1.19879935644567,"2"
-0.966836091804088,1.21818428076804,"2"
-0.874000900864399,1.18247773200274,"2"
-0.486541856809149,1.84785908721387,"2"
-1.36887231957407,1.24526275880635,"2"
0.962626256077519,1.69426465444267,"2"
-0.657486683888757,1.6934618819505,"2"
0.478084313770519,0.775284373387694,"2"
0.977929302440761,1.74971717633307,"2"
0.517816900034149,1.44619057923555,"2"
0.892081848815661,1.64675275571644,"2"
-0.906975848710271,1.45783834941685,"2"
0.177401817254403,0.952492654696107,"2"
-0.300764796517951,1.57636506855488,"2"
-0.941276813905453,0.67360304556787,"2"
-1.13286884248595,1.52388022728264,"2"
0.178442963106518,0.988858431205154,"2"
-0.651974591620906,1.51200126335025,"2"
-0.892072504991109,1.02590731978416,"2"
0.988854361862517,0.794976501166821,"2"
-0.0779626371432547,1.53712454289198,"2"
-0.487490508334704,1.24581993296742,"2"
1.2326899185831,0.892742877826095,"2"
-0.668581566981148,1.54657154642046,"2"
-0.210704657893392,1.74965116158128,"2"
-0.557526961991146,0.963124461472035,"2"
-0.0555973532832506,1.71964010596275,"2"
-0.477542662582746,0.877982155606151,"2"
0.32839620098946,1.04471882469952,"2"
0.523940655677901,1.87949155345559,"2"
-0.966414811367298,0.91382654979825,"2"
-0.713230111063221,0.998983851820231,"2"
1.23391973988656,1.22528006397188,"2"
-0.359259758477599,1.30525601804256,"2"
0.317933566491109,1.37196228317916,"2"
-0.840002947277647,1.17489938810468,"2"
1.07095657083249,0.881121354550123,"2"
0.33177446422683,1.87167800590396,"2"
-0.92207990852396,1.49371222034097,"2"
0.620682952938303,0.804345861449838,"2"
0.191463635491499,1.57445012405515,"2"
1.16805728028351,1.02089551649988,"2"
-0.361898479053379,1.52019427940249,"2"
0.305400614760068,1.80926747061312,"2"
-1.06467715938483,1.56137227378786,"2"
-0.831418789350611,1.4389752663672,"2"
0.543528113203905,1.34526103660464,"2"
-0.363555314371456,1.6175558488816,"2"
-0.073267895003591,0.869292556867004,"2"
-0.675180370761394,1.38652880117297,"2"
0.38003614712714,1.6471580337733,"2"
0.771428293874513,0.617133704572916,"2"
0.417777615824045,0.750160585716367,"2"
-0.921602730568956,0.617387704923749,"2"
0.184535243107724,1.08464847505093,"2"
-0.11098869544344,1.24357905983925,"2"
0.777125497407636,1.81786620207131,"2"
-0.606429285606193,1.66796530261636,"2"
-1.28826282728473,0.880136118456721,"2"
-0.784639604154035,1.1758180398494,"2"
0.138624156495863,1.64198016747832,"2"
-0.0484157518823918,0.920555203035474,"2"
-0.501764633731609,1.56288315877318,"2"
0.635424922845526,1.41429752148688,"2"
1.0551670824849,1.15472524613142,"2"
-0.82086270622688,1.25331266745925,"2"
-0.33600897873072,0.896103939786554,"2"
1.18427821809169,1.24587953053415,"2"
1.33889683282802,1.10406408943236,"2"
0.173359777881124,1.7709763109684,"2"
-0.852889884186964,1.63711760491133,"2"
0.078849624004215,-0.587861120235175,"3"
-0.291658958606422,-0.0348222205415368,"3"
-0.348021239507943,0.0542242898605764,"3"
0.174471446871758,0.481329576764256,"3"
0.27878609681502,0.131652842368931,"3"
-0.330753439664841,0.499405216053128,"3"
0.363313229754567,-0.225109664909542,"3"
-0.327298564463854,0.189114244747907,"3"
0.28287738757208,-0.0418868944980204,"3"
0.43632639516145,0.210000699944794,"3"
-0.225321306567639,-0.0786059363745153,"3"
0.138907277025282,-0.192931131832302,"3"
0.0959737233817577,0.395609763264656,"3"
-0.198458225280046,-0.141577204596251,"3"
0.126827921625227,-0.00511692948639397,"3"
-0.064972157869488,0.300451085809618,"3"
0.354646343551576,-0.131161371432245,"3"
-0.517937785573304,0.038424756936729,"3"
-0.452843503374606,0.210923998989165,"3"
0.195125957485288,-0.306910324003547,"3"
-0.182359880581498,0.0962620907463133,"3"
0.365061930846423,-0.191681128274649,"3"
-0.438179602939636,0.328335504233837,"3"
0.185782302170992,-0.295167236030102,"3"
0.16974667198956,-0.059265143238008,"3"
-0.363646563515067,0.127424982469529,"3"
-0.0782892317511141,-0.192553518433124,"3"
-0.0969206007197499,-0.543193992041051,"3"
-0.14629615880549,0.105987341143191,"3"
-0.196284395735711,-0.00654205586761236,"3"
0.302792009711266,-0.397125465609133,"3"
0.412357963901013,-0.215636572334915,"3"
-0.319335340429097,-0.22800772106275,"3"
0.347891955915838,-0.294590701069683,"3"
-0.340226632263511,0.151310174167156,"3"
-0.291515792068094,0.248608497250825,"3"
0.290886261966079,-0.285172327794135,"3"
0.0871437694877386,0.4987783533521,"3"
0.250104060396552,0.413226084876806,"3"
0.503930896986276,-0.246438390668482,"3"
0.18078319709748,-0.429880571644753,"3"
0.424238018319011,0.199207939300686,"3"
0.279992015194148,-0.222311580833048,"3"
0.201261528208852,-0.0433359461836517,"3"
0.180339517537504,0.342930249776691,"3"
0.482045040931553,0.0328890577889979,"3"
-0.410269141942263,-0.276457496266812,"3"
-0.438551742676646,-0.314930933620781,"3"
0.267667946498841,0.15255051869899,"3"
-0.0571626087650656,0.161168368253857,"3"
0.0353962554596364,-0.203872337099165,"3"
0.324884832836688,0.161987002473325,"3"
0.329236420802772,-0.385381003282964,"3"
-0.124317271448672,0.5552590389736,"3"
-0.147223656903952,-0.506934060249478,"3"
0.0352021308615804,0.539668792393058,"3"
0.427335664909333,0.0593233725987374,"3"
0.197944250050932,0.000537763908505462,"3"
-0.00365597102791071,0.338668912835419,"3"
0.373658985458314,-0.415524447150528,"3"
0.275710473395884,0.311403519753367,"3"
0.19298338489607,0.489642103482038,"3"
-0.132259360235184,0.548374013788998,"3"
-0.0520963568240405,-0.36598968654871,"3"
0.108863079641014,-0.41352156791836,"3"
0.0233952946029603,-0.104592370893806,"3"
0.392660340294242,0.0757150562480092,"3"
-0.0522294217720628,-0.36918164966628,"3"
-0.0336637982167304,-0.320999706722796,"3"
-0.223104347102344,0.440222454350442,"3"
-0.0660152315162122,-0.0792858973145485,"3"
-0.0328943026252091,0.400082054827362,"3"
-0.0346713434904814,0.0388031107373535,"3"
-0.125525485072285,-0.0546753966249526,"3"
-0.166162685584277,0.313690470065922,"3"
0.291937970090657,-0.482769355829805,"3"
-0.0184059105813503,0.0778931882232428,"3"
0.0396996474824846,-0.138637223560363,"3"
0.0551859746687114,0.356073521822691,"3"
0.152812034636736,-0.475251599214971,"3"
-0.369608988426626,0.410532520338893,"3"
-0.0247480650432408,0.332712705619633,"3"
0.381814961973578,-0.243679272104055,"3"
-0.327948072832078,0.144429471809417,"3"
-0.151349312625825,0.463166901748627,"3"
0.166155030950904,-0.376643325760961,"3"
0.197410415578634,0.0144310254603625,"3"
0.289943808596581,-0.196184364426881,"3"
-0.466477860510349,-0.117252450808883,"3"
0.0512384883128106,0.28831354463473,"3"
-0.392915902845561,0.103782512247562,"3"
-0.000184149295091585,0.52363028023392,"3"
-0.231242993753403,0.237953002005815,"3"
0.315858289506286,0.0118435855954886,"3"
-0.327927393559366,-0.400966291129589,"3"
-0.220635419245809,-0.546070696413517,"3"
0.203482096083462,0.295532607939094,"3"
-0.301759964972734,-0.0396561333909631,"3"
0.476513429079205,0.138178179692477,"3"
0.168852000217885,-0.0467974548228085,"3"
-0.264322256483138,0.533940295223147,"3"
0.0986191900447011,-0.513247000705451,"3"
0.362740440387279,0.456678438093513,"3"
-0.310319320578128,0.12872267710045,"3"
-0.164735322073102,0.251050391234457,"3"
-0.549512447230518,0.188605236914009,"3"
-0.323172669578344,-0.272427152842283,"3"
0.279796533286572,-0.386092558968812,"3"
-0.137238877639174,0.22122547281906,"3"
-0.101770742889494,0.0505942066200078,"3"
-0.053772143740207,-0.447522674035281,"3"
0.358656853996217,-0.42913435511291,"3"
-0.0991297161206603,0.42483364501968,"3"
-0.20341327143833,-0.0666761811822653,"3"
-0.103820116817951,-0.177899059094489,"3"
-0.263684208132327,0.275171939469874,"3"
-0.347749823704362,-0.217761080246419,"3"
-0.453876136243343,0.101057095360011,"3"
-0.367118919733912,0.379796062968671,"3"
-0.0698496418073773,0.269022267311811,"3"
-0.508981652185321,0.156411302369088,"3"
0.374342403933406,0.427339112386107,"3"
0.380108695104718,-0.0994779716245831,"3"
0.573058924544603,-0.000763608142733574,"3"
-0.00171400252729659,-0.18783329743892,"3"
-0.334656317252666,-0.242803328298032,"3"
0.190250955149531,0.0799438915215432,"3"
0.0525587109848857,0.498446561861783,"3"
0.334536676201969,-0.399394715856761,"3"
-0.0815188905224205,0.332864360231906,"3"
0.484917714167386,-0.0882404638454318,"3"
0.371413327474147,-0.0379498754628003,"3"
0.214323716796935,0.31047106096521,"3"
0.220031538326293,0.417095535993576,"3"
-0.226116108521819,-0.38067983686924,"3"
0.482895963359624,0.355263501685113,"3"
-0.391329490207136,0.0344136245548725,"3"
0.282376817520708,-0.458137601986527,"3"
-0.475872729532421,0.0627161568962038,"3"
-0.251377718523145,-0.0714713704772294,"3"
0.279107397515327,-0.046163444314152,"3"
0.206777312234044,-0.253806706611067,"3"
0.196134493499994,-0.149917628243566,"3"
0.205108250118792,-0.104730524495244,"3"
0.253584281075746,-0.262708851322532,"3"
0.286445373483002,0.0899057446047664,"3"
-0.570604817289859,-0.164766329247504,"3"
-0.0709808732382953,-0.115917656756937,"3"
0.0537266015075147,0.435835807118565,"3"
-0.458978428971022,-0.228254151251167,"3"
-0.229586031474173,0.278804153669626,"3"
0.42575881909579,0.100708478596061,"3"
0.34146850341931,0.489361773245036,"3"
-0.46706692809239,-0.0410147960297763,"3"
0.209217912890017,-0.041457047034055,"3"
0.45002465005964,-0.118697356525809,"3"
0.0800221748650074,0.184446895401925,"3"
-0.257208324596286,0.470333820953965,"3"
-0.433543986640871,0.0686329694464802,"3"
-0.296485888492316,-0.511672595143318,"3"
0.315178350359201,0.127642531134188,"3"
-0.200407361704856,0.491596342530101,"3"
0.108032636158168,0.535710875317454,"3"
0.482796646468341,-0.135638353507966,"3"
0.262177193909883,0.392816465813667,"3"
-0.132624775450677,0.253264095727354,"3"
0.0311280922964216,-0.135718469694257,"3"
0.262280196882784,0.456216860935092,"3"
-0.454607764352113,-0.159537315834314,"3"
0.347918236255646,-0.341279721725732,"3"
0.144872113130987,-0.14673317167908,"3"
0.124842359963804,0.077421921864152,"3"
0.233331960160285,0.376972423866391,"3"
-0.0555789185687899,-0.156042365916073,"3"
0.387190845888108,0.0151491257362067,"3"
0.289898190367967,0.419206173811108,"3"
-0.0716403415426612,-0.112910032086074,"3"
0.421101132966578,0.272429534420371,"3"
0.138084301818162,0.24000127594918,"3"
0.297807556763291,-0.285782828740776,"3"
-0.268564018048346,-0.360643474012613,"3"
0.53159519629553,-0.274625182617456,"3"
-0.00190962105989456,-0.555974541697651,"3"
0.362084679398686,-0.113730520941317,"3"
-0.0478489137254655,0.517382580600679,"3"
-0.132143129222095,0.294979642890394,"3"
0.340330195985734,-0.351052496116608,"3"
-0.532167924474925,-0.202183399535716,"3"
0.220566222723573,0.321329121943563,"3"
0.183659269753844,0.520564793050289,"3"
0.172444861382246,-0.48111286656931,"3"
0.294372375961393,0.423296101111919,"3"
-0.210065451264381,-0.279996589478105,"3"
-0.00327751273289323,0.233341890480369,"3"
0.498158296756446,0.130706144403666,"3"
-0.284869370609522,0.502716885320842,"3"
0.160209152195603,0.423278865404427,"3"
-0.572215908486396,-0.132108112145215,"3"
0.251132569089532,0.186906654853374,"3"
-0.0166287397965789,-0.503132204711437,"3"
